mrcpspAMO_7/j3010_10,mm,param,out;SOLVED;0,177;8,507;8,684;15022;59708
mrcpspAMO_7/j3010_1,mm,param,out;SOLVED;0,173;3,777;3,950;10743;39967
mrcpspAMO_7/j3010_2,mm,param,out;SOLVED;0,157;5,388;5,545;13890;54685
mrcpspAMO_7/j3010_3,mm,param,out;SOLVED;0,103;3,689;3,792;9420;38070
mrcpspAMO_7/j3010_4,mm,param,out;SOLVED;0,071;3,305;3,376;7897;28302
mrcpspAMO_7/j3010_5,mm,param,out;SOLVED;0,183;8,407;8,590;13799;63447
mrcpspAMO_7/j3010_6,mm,param,out;SOLVED;0,129;3,383;3,512;11227;41017
mrcpspAMO_7/j3010_7,mm,param,out;SOLVED;0,101;3,271;3,372;9908;39937
mrcpspAMO_7/j3010_8,mm,param,out;SOLVED;0,147;4,726;4,873;11716;45466
mrcpspAMO_7/j3010_9,mm,param,out;SOLVED;0,109;4,606;4,715;10879;40577
mrcpspAMO_7/j3011_10,mm,param,out;SOLVED;0,266;11,734;12,000;18553;77532
mrcpspAMO_7/j3011_1,mm,param,out;SOLVED;0,093;3,235;3,328;11035;38044
mrcpspAMO_7/j3011_2,mm,param,out;SOLVED;0,077;2,869;2,946;7991;29048
mrcpspAMO_7/j3011_3,mm,param,out;SOLVED;0,093;3,262;3,355;9422;34293
mrcpspAMO_7/j3011_4,mm,param,out;SOLVED;0,102;4,219;4,321;9264;36534
mrcpspAMO_7/j3011_5,mm,param,out;SOLVED;0,073;2,925;2,998;7942;28630
mrcpspAMO_7/j3011_6,mm,param,out;SOLVED;0,14;4,688;4,828;13717;48073
mrcpspAMO_7/j3011_7,mm,param,out;SOLVED;0,198;6,53;6,728;17155;68116
mrcpspAMO_7/j3011_8,mm,param,out;SOLVED;0,161;5,065;5,226;14192;57973
mrcpspAMO_7/j3011_9,mm,param,out;SOLVED;0,161;5,116;5,277;14718;54675
mrcpspAMO_7/j3012_10,mm,param,out;SOLVED;0,076;2,936;3,012;7494;26031
mrcpspAMO_7/j3012_1,mm,param,out;SOLVED;0,098;4,136;4,234;8678;33738
mrcpspAMO_7/j3012_2,mm,param,out;SOLVED;0,11;5,143;5,253;10309;40493
mrcpspAMO_7/j3012_3,mm,param,out;SOLVED;0,076;3,476;3,552;8870;30648
mrcpspAMO_7/j3012_4,mm,param,out;SOLVED;0,111;4,116;4,227;10078;37727
mrcpspAMO_7/j3012_5,mm,param,out;SOLVED;0,129;3,522;3,651;11306;44687
mrcpspAMO_7/j3012_6,mm,param,out;SOLVED;0,067;3,078;3,145;7527;24776
mrcpspAMO_7/j3012_7,mm,param,out;SOLVED;0,169;7,276;7,445;14695;56760
mrcpspAMO_7/j3012_8,mm,param,out;SOLVED;0,1;3,986;4,086;9724;35455
mrcpspAMO_7/j3012_9,mm,param,out;SOLVED;0,181;5,712;5,893;15079;61901
mrcpspAMO_7/j3013_10,mm,param,out;SOLVED;87,636;16,714;104,350;25148;140373
mrcpspAMO_7/j3013_1,mm,param,out;SOLVED;0,508;15,449;15,957;24213;135894
mrcpspAMO_7/j3013_2,mm,param,out;SOLVED;9,71;12,806;22,516;23849;132201
mrcpspAMO_7/j3013_3,mm,param,out;SOLVED;41,552;12,534;54,086;24102;133346
mrcpspAMO_7/j3013_4,mm,param,out;SOLVED;34,205;14,588;48,793;22262;127918
mrcpspAMO_7/j3013_5,mm,param,out;SOLVED;20,3;7,422;27,722;19076;106266
mrcpspAMO_7/j3013_6,mm,param,out;SOLVED;2,502;15,706;18,208;24394;142780
mrcpspAMO_7/j3013_7,mm,param,out;SOLVED;9,828;11,433;21,261;21852;123715
mrcpspAMO_7/j3013_8,mm,param,out;SOLVED;0,392;3,793;4,185;13575;67561
mrcpspAMO_7/j3013_9,mm,param,out;SOLVED;32,636;9,781;42,417;21186;113592
mrcpspAMO_7/j3014_10,mm,param,out;SOLVED;0,22;3,687;3,907;14392;72233
mrcpspAMO_7/j3014_1,mm,param,out;SOLVED;0,354;8,254;8,608;18601;103497
mrcpspAMO_7/j3014_2,mm,param,out;SOLVED;0,381;3,193;3,574;11728;58403
mrcpspAMO_7/j3014_3,mm,param,out;SOLVED;0,498;6,615;7,113;18718;111969
mrcpspAMO_7/j3014_4,mm,param,out;SOLVED;1,127;8,01;9,137;16484;93584
mrcpspAMO_7/j3014_5,mm,param,out;SOLVED;0,386;3,411;3,797;11473;62154
mrcpspAMO_7/j3014_6,mm,param,out;SOLVED;0,156;3,03;3,186;11244;52987
mrcpspAMO_7/j3014_7,mm,param,out;SOLVED;0,324;5,901;6,225;17455;92571
mrcpspAMO_7/j3014_8,mm,param,out;SOLVED;0,481;7,918;8,399;22462;124352
mrcpspAMO_7/j3014_9,mm,param,out;SOLVED;0,255;5,057;5,312;14675;77135
mrcpspAMO_7/j3015_10,mm,param,out;SOLVED;0,356;4,607;4,963;17977;99317
mrcpspAMO_7/j3015_1,mm,param,out;SOLVED;0,183;3,798;3,981;12981;59124
mrcpspAMO_7/j3015_2,mm,param,out;SOLVED;0,482;7,92;8,402;23619;137893
mrcpspAMO_7/j3015_3,mm,param,out;SOLVED;0,339;5,237;5,576;19024;103111
mrcpspAMO_7/j3015_4,mm,param,out;SOLVED;0,323;6,12;6,443;17304;97731
mrcpspAMO_7/j3015_5,mm,param,out;SOLVED;0,508;4,956;5,464;15884;90141
mrcpspAMO_7/j3015_6,mm,param,out;SOLVED;0,185;3,901;4,086;10660;56722
mrcpspAMO_7/j3015_7,mm,param,out;SOLVED;0,341;5,474;5,815;17298;95379
mrcpspAMO_7/j3015_8,mm,param,out;SOLVED;0,252;3,49;3,742;13419;72770
mrcpspAMO_7/j3015_9,mm,param,out;SOLVED;0,493;6,904;7,397;21180;131821
mrcpspAMO_7/j3016_10,mm,param,out;SOLVED;0,33;5,595;5,925;17498;96511
mrcpspAMO_7/j3016_1,mm,param,out;SOLVED;0,363;5,794;6,157;17219;94667
mrcpspAMO_7/j3016_2,mm,param,out;SOLVED;0,198;3,952;4,150;13497;63910
mrcpspAMO_7/j3016_3,mm,param,out;SOLVED;0,346;4,989;5,335;18166;97875
mrcpspAMO_7/j3016_4,mm,param,out;SOLVED;0,135;2,879;3,014;9391;45161
mrcpspAMO_7/j3016_5,mm,param,out;SOLVED;0,294;6,031;6,325;16018;87503
mrcpspAMO_7/j3016_6,mm,param,out;SOLVED;0,239;4,345;4,584;15630;75637
mrcpspAMO_7/j3016_7,mm,param,out;SOLVED;0,19;5,128;5,318;11258;57380
mrcpspAMO_7/j3016_8,mm,param,out;SOLVED;0,307;5,55;5,857;15912;91066
mrcpspAMO_7/j3016_9,mm,param,out;SOLVED;0,213;3,292;3,505;11671;61979
mrcpspAMO_7/j3017_10,mm,param,out;SOLVED;0,076;3,548;3,624;8170;29446
mrcpspAMO_7/j3017_1,mm,param,out;SOLVED;0,122;6,266;6,388;11199;41595
mrcpspAMO_7/j3017_2,mm,param,out;SOLVED;0,08;4,576;4,656;7257;27308
mrcpspAMO_7/j3017_3,mm,param,out;SOLVED;0,148;6,122;6,270;13419;49801
mrcpspAMO_7/j3017_4,mm,param,out;SOLVED;0,132;7,501;7,633;11381;44355
mrcpspAMO_7/j3017_5,mm,param,out;SOLVED;0,06;3,012;3,072;6697;23291
mrcpspAMO_7/j3017_6,mm,param,out;SOLVED;0,066;3,651;3,717;7126;24692
mrcpspAMO_7/j3017_7,mm,param,out;SOLVED;0,112;5,874;5,986;10775;40444
mrcpspAMO_7/j3017_8,mm,param,out;SOLVED;0,104;5,135;5,239;9470;35237
mrcpspAMO_7/j3017_9,mm,param,out;SOLVED;0,102;5,41;5,512;9800;35804
mrcpspAMO_7/j3018_10,mm,param,out;SOLVED;0,046;2,836;2,882;5849;20094
mrcpspAMO_7/j3018_1,mm,param,out;SOLVED;0,039;2,447;2,486;4975;17024
mrcpspAMO_7/j3018_2,mm,param,out;SOLVED;0,074;2,958;3,032;7674;27362
mrcpspAMO_7/j3018_3,mm,param,out;SOLVED;0,115;4,44;4,555;10401;39434
mrcpspAMO_7/j3018_4,mm,param,out;SOLVED;0,041;2,454;2,495;5584;17778
mrcpspAMO_7/j3018_5,mm,param,out;SOLVED;0,079;3,257;3,336;7683;30987
mrcpspAMO_7/j3018_6,mm,param,out;SOLVED;0,054;2,131;2,185;6529;22483
mrcpspAMO_7/j3018_7,mm,param,out;SOLVED;0,059;2,759;2,818;7111;23325
mrcpspAMO_7/j3018_8,mm,param,out;SOLVED;0,116;4,229;4,345;10234;42648
mrcpspAMO_7/j3018_9,mm,param,out;SOLVED;0,092;3,256;3,348;8257;31952
mrcpspAMO_7/j3019_10,mm,param,out;SOLVED;0,078;3,254;3,332;8074;28620
mrcpspAMO_7/j3019_1,mm,param,out;SOLVED;0,006;1,969;1,975;2010;6048
mrcpspAMO_7/j3019_2,mm,param,out;SOLVED;0,042;2,294;2,336;5393;18495
mrcpspAMO_7/j3019_3,mm,param,out;SOLVED;0,008;1,999;2,007;3833;12051
mrcpspAMO_7/j3019_4,mm,param,out;SOLVED;0,08;2,84;2,92;8067;28279
mrcpspAMO_7/j3019_5,mm,param,out;SOLVED;0,044;2,417;2,461;5563;18042
mrcpspAMO_7/j3019_6,mm,param,out;SOLVED;0,117;3,658;3,775;10249;40907
mrcpspAMO_7/j3019_7,mm,param,out;SOLVED;0,053;2,805;2,858;6347;21897
mrcpspAMO_7/j3019_8,mm,param,out;SOLVED;0,006;1,885;1,891;2185;6760
mrcpspAMO_7/j3019_9,mm,param,out;SOLVED;0,031;2,051;2,082;4293;13587
mrcpspAMO_7/j3020_10,mm,param,out;SOLVED;0,109;3,498;3,607;10601;39511
mrcpspAMO_7/j3020_1,mm,param,out;SOLVED;0,07;3,122;3,192;7466;28189
mrcpspAMO_7/j3020_2,mm,param,out;SOLVED;0,072;2,665;2,737;7486;26852
mrcpspAMO_7/j3020_3,mm,param,out;SOLVED;0,032;2,354;2,386;4519;14040
mrcpspAMO_7/j3020_4,mm,param,out;SOLVED;0,133;5,342;5,475;11616;43966
mrcpspAMO_7/j3020_5,mm,param,out;SOLVED;0,049;2,957;3,006;6031;20332
mrcpspAMO_7/j3020_6,mm,param,out;SOLVED;0,1;3,098;3,198;9976;35833
mrcpspAMO_7/j3020_7,mm,param,out;SOLVED;0,059;3,105;3,164;6557;21722
mrcpspAMO_7/j3020_8,mm,param,out;SOLVED;0,031;2,156;2,187;3735;11781
mrcpspAMO_7/j3020_9,mm,param,out;SOLVED;0,08;2,883;2,963;8700;30574
mrcpspAMO_7/j3021_10,mm,param,out;SOLVED;2,564;7,684;10,248;18601;96020
mrcpspAMO_7/j3021_1,mm,param,out;SOLVED;1,456;13,06;14,516;25328;130459
mrcpspAMO_7/j3021_2,mm,param,out;SOLVED;30,982;5,759;36,741;17599;94912
mrcpspAMO_7/j3021_3,mm,param,out;SOLVED;9,775;6,794;16,569;16909;98685
mrcpspAMO_7/j3021_4,mm,param,out;SOLVED;0,86;6,118;6,978;14486;74940
mrcpspAMO_7/j3021_5,mm,param,out;SOLVED;9,347;12,905;22,252;22327;117106
mrcpspAMO_7/j3021_6,mm,param,out;SOLVED;2,096;7,041;9,137;16845;93383
mrcpspAMO_7/j3021_7,mm,param,out;SOLVED;16,582;6,904;23,486;15600;85072
mrcpspAMO_7/j3021_8,mm,param,out;SOLVED;0,977;10,404;11,381;21131;112787
mrcpspAMO_7/j3021_9,mm,param,out;SOLVED;1,869;4,998;6,867;15242;79409
mrcpspAMO_7/j3022_10,mm,param,out;SOLVED;0,161;2,971;3,132;10721;54722
mrcpspAMO_7/j3022_1,mm,param,out;SOLVED;0,177;2,904;3,081;11427;56899
mrcpspAMO_7/j3022_2,mm,param,out;SOLVED;0,201;3,69;3,891;11251;57803
mrcpspAMO_7/j3022_3,mm,param,out;SOLVED;0,184;3,025;3,209;12013;62115
mrcpspAMO_7/j3022_4,mm,param,out;SOLVED;0,163;3,205;3,368;10560;53733
mrcpspAMO_7/j3022_5,mm,param,out;SOLVED;0,521;3,65;4,171;13023;72716
mrcpspAMO_7/j3022_6,mm,param,out;SOLVED;0,114;3,156;3,270;8409;40482
mrcpspAMO_7/j3022_7,mm,param,out;SOLVED;0,191;3,892;4,083;12243;58033
mrcpspAMO_7/j3022_8,mm,param,out;SOLVED;0,292;5,137;5,429;14477;79320
mrcpspAMO_7/j3022_9,mm,param,out;SOLVED;0,222;3,688;3,910;14039;71192
mrcpspAMO_7/j3023_10,mm,param,out;SOLVED;0,04;1,965;2,005;4223;16824
mrcpspAMO_7/j3023_1,mm,param,out;SOLVED;0,134;2,589;2,723;9723;45732
mrcpspAMO_7/j3023_2,mm,param,out;SOLVED;0,192;3,195;3,387;13351;63393
mrcpspAMO_7/j3023_3,mm,param,out;SOLVED;0,111;2,5;2,611;8353;39086
mrcpspAMO_7/j3023_4,mm,param,out;SOLVED;0,175;2,837;3,012;12244;60616
mrcpspAMO_7/j3023_5,mm,param,out;SOLVED;0,073;2,359;2,432;6341;26970
mrcpspAMO_7/j3023_6,mm,param,out;SOLVED;0,177;3,136;3,313;11287;56216
mrcpspAMO_7/j3023_7,mm,param,out;SOLVED;0,065;2,198;2,263;5994;23746
mrcpspAMO_7/j3023_8,mm,param,out;SOLVED;0,217;3,696;3,913;11161;65565
mrcpspAMO_7/j3023_9,mm,param,out;SOLVED;0,195;3,399;3,594;12140;60777
mrcpspAMO_7/j3024_10,mm,param,out;SOLVED;0,191;3,706;3,897;12009;61105
mrcpspAMO_7/j3024_1,mm,param,out;SOLVED;0,185;3,177;3,362;12206;58868
mrcpspAMO_7/j3024_2,mm,param,out;SOLVED;0,121;3,094;3,215;9069;41320
mrcpspAMO_7/j3024_3,mm,param,out;SOLVED;0,251;4,857;5,108;14015;75846
mrcpspAMO_7/j3024_4,mm,param,out;SOLVED;0,082;2,248;2,330;7608;31171
mrcpspAMO_7/j3024_5,mm,param,out;SOLVED;0,074;2,779;2,853;6623;26462
mrcpspAMO_7/j3024_6,mm,param,out;SOLVED;0,12;2,726;2,846;8364;39501
mrcpspAMO_7/j3024_7,mm,param,out;SOLVED;0,133;3,288;3,421;9149;44284
mrcpspAMO_7/j3024_8,mm,param,out;SOLVED;0,088;3,092;3,180;6980;29718
mrcpspAMO_7/j3024_9,mm,param,out;SOLVED;0,036;2,169;2,205;4102;14047
mrcpspAMO_7/j3025_10,mm,param,out;SOLVED;0,058;3,271;3,329;6887;24152
mrcpspAMO_7/j3025_1,mm,param,out;SOLVED;0,096;4,861;4,957;9593;35137
mrcpspAMO_7/j3025_2,mm,param,out;SOLVED;0,128;6,954;7,082;9961;39080
mrcpspAMO_7/j3025_3,mm,param,out;SOLVED;0,071;2,781;2,852;7049;26480
mrcpspAMO_7/j3025_4,mm,param,out;SOLVED;0,099;5,044;5,143;8691;32955
mrcpspAMO_7/j3025_5,mm,param,out;SOLVED;0,103;5,269;5,372;8665;35384
mrcpspAMO_7/j3025_6,mm,param,out;SOLVED;0,039;2,361;2,400;4621;15179
mrcpspAMO_7/j3025_7,mm,param,out;SOLVED;0,058;2,84;2,898;6822;24644
mrcpspAMO_7/j3025_8,mm,param,out;SOLVED;0,091;5,717;5,808;7713;30168
mrcpspAMO_7/j3025_9,mm,param,out;SOLVED;0,073;4,154;4,227;7234;24689
mrcpspAMO_7/j3026_10,mm,param,out;SOLVED;0,004;1,313;1,317;938;2695
mrcpspAMO_7/j3026_1,mm,param,out;SOLVED;0,018;1,582;1,600;2451;7118
mrcpspAMO_7/j3026_2,mm,param,out;SOLVED;0,031;1,82;1,851;3964;13006
mrcpspAMO_7/j3026_3,mm,param,out;SOLVED;0,072;3,102;3,174;7227;27299
mrcpspAMO_7/j3026_4,mm,param,out;SOLVED;0,028;2,308;2,336;3115;10226
mrcpspAMO_7/j3026_5,mm,param,out;SOLVED;0,007;1,609;1,616;2600;8218
mrcpspAMO_7/j3026_6,mm,param,out;SOLVED;0,005;1,619;1,624;1210;3884
mrcpspAMO_7/j3026_7,mm,param,out;SOLVED;0,039;1,821;1,860;2790;8100
mrcpspAMO_7/j3026_8,mm,param,out;SOLVED;0,011;2,451;2,462;4303;14951
mrcpspAMO_7/j3026_9,mm,param,out;SOLVED;0,028;1,808;1,836;3368;11758
mrcpspAMO_7/j3027_10,mm,param,out;SOLVED;0,039;2,441;2,480;4878;16652
mrcpspAMO_7/j3027_1,mm,param,out;SOLVED;0,05;2,548;2,598;5748;19198
mrcpspAMO_7/j3027_2,mm,param,out;SOLVED;0,005;1,571;1,576;1227;3574
mrcpspAMO_7/j3027_3,mm,param,out;SOLVED;0,006;1,802;1,808;2162;7164
mrcpspAMO_7/j3027_4,mm,param,out;SOLVED;0,006;1,765;1,771;2858;8516
mrcpspAMO_7/j3027_5,mm,param,out;SOLVED;0,047;2,747;2,794;5260;18711
mrcpspAMO_7/j3027_6,mm,param,out;SOLVED;0,036;2,203;2,239;4056;13723
mrcpspAMO_7/j3027_7,mm,param,out;SOLVED;0,037;2,318;2,355;4325;14509
mrcpspAMO_7/j3027_8,mm,param,out;SOLVED;0,046;2,967;3,013;5354;18459
mrcpspAMO_7/j3027_9,mm,param,out;SOLVED;0,013;2,45;2,463;3738;13818
mrcpspAMO_7/j3028_10,mm,param,out;SOLVED;0,015;1,883;1,898;1678;5555
mrcpspAMO_7/j3028_1,mm,param,out;SOLVED;0,051;2,783;2,834;5422;18787
mrcpspAMO_7/j3028_2,mm,param,out;SOLVED;0,039;2,429;2,468;4517;15187
mrcpspAMO_7/j3028_3,mm,param,out;SOLVED;0,005;1,851;1,856;1698;5476
mrcpspAMO_7/j3028_4,mm,param,out;SOLVED;0,007;1,855;1,862;2504;7956
mrcpspAMO_7/j3028_5,mm,param,out;SOLVED;0,027;1,768;1,795;3360;10586
mrcpspAMO_7/j3028_6,mm,param,out;SOLVED;0,006;1,742;1,748;1701;5349
mrcpspAMO_7/j3028_7,mm,param,out;SOLVED;0,023;2,138;2,161;2992;8780
mrcpspAMO_7/j3028_8,mm,param,out;SOLVED;0,009;2,214;2,223;3139;11196
mrcpspAMO_7/j3028_9,mm,param,out;SOLVED;0,033;2,128;2,161;4297;13667
mrcpspAMO_7/j3029_10,mm,param,out;SOLVED;1,23;5,395;6,625;12809;72013
mrcpspAMO_7/j3029_1,mm,param,out;SOLVED;1,6;7,838;9,438;13175;75115
mrcpspAMO_7/j3029_2,mm,param,out;SOLVED;8,895;5,268;14,163;13927;78783
mrcpspAMO_7/j3029_3,mm,param,out;SOLVED;0,869;4,857;5,726;11111;61241
mrcpspAMO_7/j3029_4,mm,param,out;SOLVED;0,772;5,788;6,560;13800;83959
mrcpspAMO_7/j3029_5,mm,param,out;SOLVED;1,455;6,873;8,328;16194;92281
mrcpspAMO_7/j3029_6,mm,param,out;SOLVED;2,562;9,77;12,332;16764;87131
mrcpspAMO_7/j3029_7,mm,param,out;SOLVED;1,82;4,95;6,77;13575;70554
mrcpspAMO_7/j3029_8,mm,param,out;SOLVED;0,95;8,798;9,748;14671;80805
mrcpspAMO_7/j3029_9,mm,param,out;SOLVED;1,82;4,047;5,867;10056;58128
mrcpspAMO_7/j3030_10,mm,param,out;SOLVED;0,122;2,2;2,322;5903;30837
mrcpspAMO_7/j3030_1,mm,param,out;SOLVED;0,126;3,221;3,347;8355;41926
mrcpspAMO_7/j3030_2,mm,param,out;SOLVED;0,096;2,716;2,812;6387;31643
mrcpspAMO_7/j3030_3,mm,param,out;SOLVED;0,214;2,957;3,171;7054;38158
mrcpspAMO_7/j3030_4,mm,param,out;SOLVED;0,077;2,702;2,779;6053;28843
mrcpspAMO_7/j3030_5,mm,param,out;SOLVED;0,109;2,684;2,793;6479;31857
mrcpspAMO_7/j3030_6,mm,param,out;SOLVED;0,087;2,806;2,893;6537;31564
mrcpspAMO_7/j3030_7,mm,param,out;SOLVED;0,03;1,752;1,782;2370;9320
mrcpspAMO_7/j3030_8,mm,param,out;SOLVED;0,161;3,194;3,355;8560;46748
mrcpspAMO_7/j3030_9,mm,param,out;SOLVED;0,155;3,44;3,595;9481;49400
mrcpspAMO_7/j3031_10,mm,param,out;SOLVED;0,014;1,543;1,557;1650;5353
mrcpspAMO_7/j3031_1,mm,param,out;SOLVED;0,086;2,71;2,796;6285;31233
mrcpspAMO_7/j3031_2,mm,param,out;SOLVED;0,064;2,731;2,795;5906;24472
mrcpspAMO_7/j3031_3,mm,param,out;SOLVED;0,067;2,557;2,624;5618;24855
mrcpspAMO_7/j3031_4,mm,param,out;SOLVED;0,068;2,15;2,218;4913;24098
mrcpspAMO_7/j3031_5,mm,param,out;SOLVED;0,108;3,623;3,731;8116;37001
mrcpspAMO_7/j3031_6,mm,param,out;SOLVED;0,086;2,736;2,822;6935;31668
mrcpspAMO_7/j3031_7,mm,param,out;SOLVED;0,111;3,391;3,502;7631;35454
mrcpspAMO_7/j3031_8,mm,param,out;SOLVED;0,043;2,085;2,128;3850;16407
mrcpspAMO_7/j3031_9,mm,param,out;SOLVED;0,083;2,795;2,878;6972;31024
mrcpspAMO_7/j3032_10,mm,param,out;SOLVED;0,085;2,576;2,661;5842;30744
mrcpspAMO_7/j3032_1,mm,param,out;SOLVED;0,052;2,462;2,514;4700;19861
mrcpspAMO_7/j3032_2,mm,param,out;SOLVED;0,042;2,41;2,452;4391;16626
mrcpspAMO_7/j3032_3,mm,param,out;SOLVED;0,007;1,955;1,962;2617;10557
mrcpspAMO_7/j3032_4,mm,param,out;SOLVED;0,032;1,818;1,850;3496;12679
mrcpspAMO_7/j3032_5,mm,param,out;SOLVED;0,079;2,725;2,804;6036;27598
mrcpspAMO_7/j3032_6,mm,param,out;SOLVED;0,039;2,217;2,256;3639;14536
mrcpspAMO_7/j3032_7,mm,param,out;SOLVED;0,049;2,363;2,412;4815;19536
mrcpspAMO_7/j3032_8,mm,param,out;SOLVED;0,011;2,119;2,130;4445;18833
mrcpspAMO_7/j3032_9,mm,param,out;SOLVED;0,054;2,173;2,227;4733;21819
mrcpspAMO_7/j3033_10,mm,param,out;SOLVED;1,681;7,826;9,507;14131;59787
mrcpspAMO_7/j3033_1,mm,param,out;SOLVED;1,388;28,71;30,098;24894;98616
mrcpspAMO_7/j3033_2,mm,param,out;SOLVED;5,832;20,619;26,451;20335;84890
mrcpspAMO_7/j3033_3,mm,param,out;SOLVED;1,776;16,51;18,286;20791;83395
mrcpspAMO_7/j3033_4,mm,param,out;SOLVED;4,537;32,499;37,036;21995;93733
mrcpspAMO_7/j3033_5,mm,param,out;SOLVED;0,829;18,873;19,702;17730;72851
mrcpspAMO_7/j3033_6,mm,param,out;SOLVED;0,577;9,486;10,063;15044;62858
mrcpspAMO_7/j3033_7,mm,param,out;SOLVED;0,962;8,826;9,788;15824;65656
mrcpspAMO_7/j3033_8,mm,param,out;SOLVED;3,172;9,349;12,521;16089;65333
mrcpspAMO_7/j3033_9,mm,param,out;SOLVED;0,537;21,259;21,796;17337;70796
mrcpspAMO_7/j3034_10,mm,param,out;SOLVED;1,07;21,4;22,47;21990;102203
mrcpspAMO_7/j3034_1,mm,param,out;SOLVED;0,321;7,045;7,366;16688;70120
mrcpspAMO_7/j3034_2,mm,param,out;SOLVED;0,888;7,312;8,200;15751;71145
mrcpspAMO_7/j3034_3,mm,param,out;SOLVED;0,67;9,403;10,073;16135;66277
mrcpspAMO_7/j3034_4,mm,param,out;SOLVED;1,176;13,926;15,102;17636;75575
mrcpspAMO_7/j3034_5,mm,param,out;SOLVED;1,754;12,113;13,867;19040;88051
mrcpspAMO_7/j3034_6,mm,param,out;SOLVED;1,327;6,612;7,939;13747;58204
mrcpspAMO_7/j3034_7,mm,param,out;SOLVED;1,086;22,003;23,089;24244;107888
mrcpspAMO_7/j3034_8,mm,param,out;SOLVED;1,016;21,267;22,283;22223;94469
mrcpspAMO_7/j3034_9,mm,param,out;SOLVED;0,75;11,749;12,499;19536;77778
mrcpspAMO_7/j3035_10,mm,param,out;SOLVED;1,14;28,209;29,349;26251;114676
mrcpspAMO_7/j3035_1,mm,param,out;SOLVED;0,688;19,969;20,657;27841;118153
mrcpspAMO_7/j3035_2,mm,param,out;SOLVED;0,564;8,121;8,685;18299;80017
mrcpspAMO_7/j3035_3,mm,param,out;SOLVED;0,603;6,857;7,460;16478;65395
mrcpspAMO_7/j3035_4,mm,param,out;SOLVED;0,343;7,81;8,153;15792;62878
mrcpspAMO_7/j3035_5,mm,param,out;SOLVED;0,643;18,08;18,723;22141;95467
mrcpspAMO_7/j3035_6,mm,param,out;SOLVED;0,558;16,211;16,769;27943;123658
mrcpspAMO_7/j3035_7,mm,param,out;SOLVED;0,564;4,936;5,500;14002;55635
mrcpspAMO_7/j3035_8,mm,param,out;SOLVED;0,306;7,821;8,127;14687;65077
mrcpspAMO_7/j3035_9,mm,param,out;SOLVED;0,439;9,211;9,650;20191;87896
mrcpspAMO_7/j3037_10,mm,param,out;SOLVED;229,579;12,725;242,304;25899;172068
mrcpspAMO_7/j3037_1,mm,param,out;TIMEOUT;;;600;;
mrcpspAMO_7/j3037_2,mm,param,out;TIMEOUT;;;600;;
mrcpspAMO_7/j3037_3,mm,param,out;SOLVED;329,926;21,262;351,188;30343;171236
mrcpspAMO_7/j3037_4,mm,param,out;SOLVED;138,529;17,372;155,901;29151;156632
mrcpspAMO_7/j3037_5,mm,param,out;SOLVED;1,706;12,319;14,025;25234;132459
mrcpspAMO_7/j3037_6,mm,param,out;SOLVED;503,116;28,721;531,837;31795;177723
mrcpspAMO_7/j3037_7,mm,param,out;SOLVED;525,908;30,411;556,319;30162;171589
mrcpspAMO_7/j3037_8,mm,param,out;SOLVED;308,852;13,177;322,029;26665;167594
mrcpspAMO_7/j3037_9,mm,param,out;TIMEOUT;;;600;;
mrcpspAMO_7/j3038_10,mm,param,out;SOLVED;0,653;8,899;9,552;22408;131912
mrcpspAMO_7/j3038_1,mm,param,out;SOLVED;0,602;9,428;10,030;22634;129253
mrcpspAMO_7/j3038_2,mm,param,out;SOLVED;0,676;4,556;5,232;15893;91293
mrcpspAMO_7/j3038_3,mm,param,out;SOLVED;1,924;11,174;13,098;27566;169506
mrcpspAMO_7/j3038_4,mm,param,out;SOLVED;5,981;18,758;24,739;24455;149447
mrcpspAMO_7/j3038_5,mm,param,out;SOLVED;5,173;10,981;16,154;21825;121514
mrcpspAMO_7/j3038_6,mm,param,out;SOLVED;2,108;8,516;10,624;24844;145159
mrcpspAMO_7/j3038_7,mm,param,out;SOLVED;7,857;8,804;16,661;21863;138564
mrcpspAMO_7/j3038_8,mm,param,out;SOLVED;2,253;13,699;15,952;24459;171582
mrcpspAMO_7/j3038_9,mm,param,out;SOLVED;1,326;15,596;16,922;26487;181556
mrcpspAMO_7/j3039_10,mm,param,out;SOLVED;1,423;21,488;22,911;30466;170435
mrcpspAMO_7/j3039_1,mm,param,out;SOLVED;0,793;9,506;10,299;27046;143885
mrcpspAMO_7/j3039_2,mm,param,out;SOLVED;1,133;8,951;10,084;22122;137380
mrcpspAMO_7/j3039_3,mm,param,out;SOLVED;0,789;13,115;13,904;25567;144857
mrcpspAMO_7/j3039_4,mm,param,out;SOLVED;0,61;10,841;11,451;22660;139096
mrcpspAMO_7/j3039_5,mm,param,out;SOLVED;0,75;8,299;9,049;24816;141566
mrcpspAMO_7/j3039_6,mm,param,out;SOLVED;1,22;8,448;9,668;18128;112917
mrcpspAMO_7/j3039_7,mm,param,out;SOLVED;0,617;13,192;13,809;23300;135620
mrcpspAMO_7/j3039_8,mm,param,out;TIMEOUT;;;600;;
mrcpspAMO_7/j3039_9,mm,param,out;SOLVED;1,175;7,769;8,944;21367;122860
mrcpspAMO_7/j3040_10,mm,param,out;SOLVED;0,735;18,698;19,433;32358;200669
mrcpspAMO_7/j3040_1,mm,param,out;SOLVED;0,64;9,312;9,952;24068;147549
mrcpspAMO_7/j3040_2,mm,param,out;SOLVED;0,665;6,262;6,927;21180;125388
mrcpspAMO_7/j3040_3,mm,param,out;SOLVED;0,767;6,97;7,737;16430;97519
mrcpspAMO_7/j3040_4,mm,param,out;SOLVED;1,516;5,73;7,246;18915;108571
mrcpspAMO_7/j3040_5,mm,param,out;SOLVED;0,701;12,47;13,171;27189;169089
mrcpspAMO_7/j3040_6,mm,param,out;SOLVED;0,558;8,777;9,335;17600;112161
mrcpspAMO_7/j3040_7,mm,param,out;SOLVED;1,492;26,09;27,582;35174;224788
mrcpspAMO_7/j3040_8,mm,param,out;SOLVED;0,692;13,286;13,978;24419;148360
mrcpspAMO_7/j3040_9,mm,param,out;SOLVED;0,761;9,261;10,022;22095;134688
mrcpspAMO_7/j3041_10,mm,param,out;SOLVED;0,231;7,885;8,116;15506;58677
mrcpspAMO_7/j3041_1,mm,param,out;SOLVED;0,293;12,653;12,946;15814;63832
mrcpspAMO_7/j3041_2,mm,param,out;SOLVED;0,416;15,021;15,437;15968;65028
mrcpspAMO_7/j3041_3,mm,param,out;SOLVED;0,223;11,022;11,245;14478;55437
mrcpspAMO_7/j3041_4,mm,param,out;SOLVED;0,161;4,923;5,084;9664;36913
mrcpspAMO_7/j3041_5,mm,param,out;SOLVED;0,26;8,291;8,551;13325;52569
mrcpspAMO_7/j3041_6,mm,param,out;SOLVED;0,915;16,595;17,510;17285;71714
mrcpspAMO_7/j3041_7,mm,param,out;SOLVED;0,395;14,028;14,423;16680;68055
mrcpspAMO_7/j3041_8,mm,param,out;SOLVED;0,383;9,338;9,721;15529;64252
mrcpspAMO_7/j3041_9,mm,param,out;SOLVED;0,146;4,708;4,854;10690;41096
mrcpspAMO_7/j3042_10,mm,param,out;SOLVED;0,155;4,528;4,683;10366;41161
mrcpspAMO_7/j3042_1,mm,param,out;SOLVED;0,203;8,221;8,424;14515;56544
mrcpspAMO_7/j3042_2,mm,param,out;SOLVED;0,33;5,236;5,566;12753;53994
mrcpspAMO_7/j3042_3,mm,param,out;SOLVED;0,194;6,178;6,372;13693;50956
mrcpspAMO_7/j3042_4,mm,param,out;SOLVED;0,137;3,799;3,936;9713;40933
mrcpspAMO_7/j3042_5,mm,param,out;SOLVED;0,278;4,35;4,628;11313;44930
mrcpspAMO_7/j3042_6,mm,param,out;SOLVED;0,301;9,487;9,788;16507;73555
mrcpspAMO_7/j3042_7,mm,param,out;SOLVED;0,26;7,377;7,637;13575;60819
mrcpspAMO_7/j3042_8,mm,param,out;SOLVED;0,18;3,995;4,175;11636;45694
mrcpspAMO_7/j3042_9,mm,param,out;SOLVED;0,11;3,235;3,345;9002;34464
mrcpspAMO_7/j3043_10,mm,param,out;SOLVED;0,209;4,619;4,828;11548;48462
mrcpspAMO_7/j3043_1,mm,param,out;SOLVED;0,165;3,475;3,640;10820;44403
mrcpspAMO_7/j3043_2,mm,param,out;SOLVED;0,226;6,263;6,489;13422;58229
mrcpspAMO_7/j3043_3,mm,param,out;SOLVED;0,305;8,154;8,459;14023;65433
mrcpspAMO_7/j3043_4,mm,param,out;SOLVED;0,367;6,91;7,277;14242;60543
mrcpspAMO_7/j3043_5,mm,param,out;SOLVED;0,101;3,314;3,415;8901;32045
mrcpspAMO_7/j3043_6,mm,param,out;SOLVED;0,326;5,149;5,475;11878;52850
mrcpspAMO_7/j3043_7,mm,param,out;SOLVED;0,331;9,709;10,040;17053;72517
mrcpspAMO_7/j3043_8,mm,param,out;SOLVED;0,277;7,945;8,222;17564;71763
mrcpspAMO_7/j3043_9,mm,param,out;SOLVED;0,178;5,609;5,787;10867;45824
mrcpspAMO_7/j3044_10,mm,param,out;SOLVED;0,272;7,997;8,269;16289;69893
mrcpspAMO_7/j3044_1,mm,param,out;SOLVED;0,165;5,898;6,063;12505;49128
mrcpspAMO_7/j3044_2,mm,param,out;SOLVED;0,244;5,477;5,721;15048;62960
mrcpspAMO_7/j3044_3,mm,param,out;SOLVED;0,219;4,866;5,085;12079;48305
mrcpspAMO_7/j3044_4,mm,param,out;SOLVED;0,165;5,219;5,384;11267;43405
mrcpspAMO_7/j3044_5,mm,param,out;SOLVED;0,185;5,183;5,368;10391;40436
mrcpspAMO_7/j3044_6,mm,param,out;SOLVED;0,307;5,518;5,825;15357;63002
mrcpspAMO_7/j3044_7,mm,param,out;SOLVED;0,272;4,23;4,502;10254;41313
mrcpspAMO_7/j3044_8,mm,param,out;SOLVED;0,188;5,65;5,838;13100;49622
mrcpspAMO_7/j3044_9,mm,param,out;SOLVED;0,321;8,402;8,723;14980;69713
mrcpspAMO_7/j3045_10,mm,param,out;TIMEOUT;;;600;;
mrcpspAMO_7/j3045_1,mm,param,out;SOLVED;140,586;8,47;149,056;19425;118549
mrcpspAMO_7/j3045_2,mm,param,out;SOLVED;78,04;38,776;116,816;31123;170858
mrcpspAMO_7/j3045_3,mm,param,out;TIMEOUT;;;600;;
mrcpspAMO_7/j3045_4,mm,param,out;TIMEOUT;;;600;;
mrcpspAMO_7/j3045_5,mm,param,out;SOLVED;95,181;15,383;110,564;21961;125334
mrcpspAMO_7/j3045_6,mm,param,out;TIMEOUT;;;600;;
mrcpspAMO_7/j3045_7,mm,param,out;SOLVED;32,055;8,125;40,180;19611;110618
mrcpspAMO_7/j3045_8,mm,param,out;TIMEOUT;;;600;;
mrcpspAMO_7/j3045_9,mm,param,out;SOLVED;109,429;12,868;122,297;23946;132716
mrcpspAMO_7/j3046_10,mm,param,out;SOLVED;1,216;5,116;6,332;14447;80471
mrcpspAMO_7/j3046_1,mm,param,out;SOLVED;0,443;6,615;7,058;16790;103680
mrcpspAMO_7/j3046_2,mm,param,out;SOLVED;0,507;8,592;9,099;17447;106900
mrcpspAMO_7/j3046_3,mm,param,out;SOLVED;2,17;13,224;15,394;24860;138132
mrcpspAMO_7/j3046_4,mm,param,out;SOLVED;3,466;7,35;10,816;17988;106237
mrcpspAMO_7/j3046_5,mm,param,out;SOLVED;0,522;8,817;9,339;22135;129485
mrcpspAMO_7/j3046_6,mm,param,out;SOLVED;1,437;5,382;6,819;16027;90348
mrcpspAMO_7/j3046_7,mm,param,out;SOLVED;5,912;4,513;10,425;14641;82050
mrcpspAMO_7/j3046_8,mm,param,out;SOLVED;22,019;8,641;30,660;19079;117530
mrcpspAMO_7/j3046_9,mm,param,out;SOLVED;5,134;7,839;12,973;20103;116146
mrcpspAMO_7/j3047_10,mm,param,out;SOLVED;0,252;3,933;4,185;14488;71973
mrcpspAMO_7/j3047_1,mm,param,out;SOLVED;0,316;4,756;5,072;17128;94937
mrcpspAMO_7/j3047_2,mm,param,out;SOLVED;0,325;5,053;5,378;16423;91660
mrcpspAMO_7/j3047_3,mm,param,out;SOLVED;0,799;4,83;5,629;16038;88154
mrcpspAMO_7/j3047_4,mm,param,out;SOLVED;0,54;3,664;4,204;10731;52368
mrcpspAMO_7/j3047_5,mm,param,out;SOLVED;0,403;3,443;3,846;13532;81139
mrcpspAMO_7/j3047_6,mm,param,out;SOLVED;1,078;8,164;9,242;17298;105064
mrcpspAMO_7/j3047_7,mm,param,out;SOLVED;0,534;5,958;6,492;17834;104098
mrcpspAMO_7/j3047_8,mm,param,out;SOLVED;0,497;7,406;7,903;19637;108978
mrcpspAMO_7/j3047_9,mm,param,out;SOLVED;0,462;8,292;8,754;20641;125595
mrcpspAMO_7/j3048_10,mm,param,out;SOLVED;0,259;4,375;4,634;11499;63542
mrcpspAMO_7/j3048_1,mm,param,out;SOLVED;0,422;5,415;5,837;17678;101080
mrcpspAMO_7/j3048_2,mm,param,out;SOLVED;0,397;5,094;5,491;16485;90406
mrcpspAMO_7/j3048_3,mm,param,out;SOLVED;0,565;8,556;9,121;19885;116222
mrcpspAMO_7/j3048_4,mm,param,out;SOLVED;0,371;5,052;5,423;16146;87732
mrcpspAMO_7/j3048_5,mm,param,out;SOLVED;0,481;6,725;7,206;19515;123581
mrcpspAMO_7/j3048_6,mm,param,out;SOLVED;0,496;9,072;9,568;22467;125422
mrcpspAMO_7/j3048_7,mm,param,out;SOLVED;0,353;5,933;6,286;15149;81491
mrcpspAMO_7/j3048_8,mm,param,out;SOLVED;0,572;5,949;6,521;15793;94602
mrcpspAMO_7/j3048_9,mm,param,out;SOLVED;0,507;10,103;10,610;22100;135300
mrcpspAMO_7/j3049_10,mm,param,out;SOLVED;0,29;6,495;6,785;10914;41711
mrcpspAMO_7/j3049_1,mm,param,out;SOLVED;0,117;6,134;6,251;8757;33500
mrcpspAMO_7/j3049_2,mm,param,out;SOLVED;0,201;13,793;13,994;13375;52940
mrcpspAMO_7/j3049_3,mm,param,out;SOLVED;0,148;7,797;7,945;10600;42090
mrcpspAMO_7/j3049_4,mm,param,out;SOLVED;0,128;5,846;5,974;9800;38465
mrcpspAMO_7/j3049_5,mm,param,out;SOLVED;0,057;2,739;2,796;6397;22665
mrcpspAMO_7/j3049_6,mm,param,out;SOLVED;0,123;3,604;3,727;8736;31750
mrcpspAMO_7/j3049_7,mm,param,out;SOLVED;0,145;5,111;5,256;11565;43934
mrcpspAMO_7/j3049_8,mm,param,out;SOLVED;0,302;8,072;8,374;12714;52440
mrcpspAMO_7/j3049_9,mm,param,out;SOLVED;0,126;4,919;5,045;8981;35805
mrcpspAMO_7/j3050_10,mm,param,out;SOLVED;0,134;4,5;4,634;10530;41452
mrcpspAMO_7/j3050_1,mm,param,out;SOLVED;0,07;2,871;2,941;6636;25051
mrcpspAMO_7/j3050_2,mm,param,out;SOLVED;0,087;2,921;3,008;7816;28816
mrcpspAMO_7/j3050_3,mm,param,out;SOLVED;0,151;5,427;5,578;12810;50032
mrcpspAMO_7/j3050_4,mm,param,out;SOLVED;0,11;4,199;4,309;9736;39000
mrcpspAMO_7/j3050_5,mm,param,out;SOLVED;0,124;4,588;4,712;9757;39102
mrcpspAMO_7/j3050_6,mm,param,out;SOLVED;0,137;4,722;4,859;10833;43444
mrcpspAMO_7/j3050_7,mm,param,out;SOLVED;0,122;3,063;3,185;8003;34975
mrcpspAMO_7/j3050_8,mm,param,out;SOLVED;0,134;4,481;4,615;9500;38426
mrcpspAMO_7/j3050_9,mm,param,out;SOLVED;0,081;2,59;2,671;7994;29915
mrcpspAMO_7/j3051_10,mm,param,out;SOLVED;0,076;2,806;2,882;7549;29109
mrcpspAMO_7/j3051_1,mm,param,out;SOLVED;0,111;3,702;3,813;10001;36056
mrcpspAMO_7/j3051_2,mm,param,out;SOLVED;0,184;5,066;5,250;11831;50850
mrcpspAMO_7/j3051_3,mm,param,out;SOLVED;0,104;2,83;2,934;9478;33767
mrcpspAMO_7/j3051_4,mm,param,out;SOLVED;0,119;3,908;4,027;11173;38992
mrcpspAMO_7/j3051_5,mm,param,out;SOLVED;0,113;4,343;4,456;9257;36223
mrcpspAMO_7/j3051_6,mm,param,out;SOLVED;0,067;2,649;2,716;6980;23649
mrcpspAMO_7/j3051_7,mm,param,out;SOLVED;0,101;3,57;3,671;9403;37513
mrcpspAMO_7/j3051_8,mm,param,out;SOLVED;0,1;3,999;4,099;8338;32013
mrcpspAMO_7/j3051_9,mm,param,out;SOLVED;0,099;3,187;3,286;8878;33304
mrcpspAMO_7/j3052_10,mm,param,out;SOLVED;0,093;3,273;3,366;8446;33026
mrcpspAMO_7/j3052_1,mm,param,out;SOLVED;0,12;3,46;3,58;10151;38215
mrcpspAMO_7/j3052_2,mm,param,out;SOLVED;0,085;2,671;2,756;7983;28105
mrcpspAMO_7/j3052_3,mm,param,out;SOLVED;0,096;3,316;3,412;8488;32831
mrcpspAMO_7/j3052_4,mm,param,out;SOLVED;0,111;4,231;4,342;8681;36766
mrcpspAMO_7/j3052_5,mm,param,out;SOLVED;0,192;6,252;6,444;12184;53859
mrcpspAMO_7/j3052_6,mm,param,out;SOLVED;0,124;4,558;4,682;9282;36645
mrcpspAMO_7/j3052_7,mm,param,out;SOLVED;0,129;4,603;4,732;12409;45190
mrcpspAMO_7/j3052_8,mm,param,out;SOLVED;0,059;2,225;2,284;6267;22471
mrcpspAMO_7/j3052_9,mm,param,out;SOLVED;0,077;2,926;3,003;6941;25766
mrcpspAMO_7/j3053_10,mm,param,out;SOLVED;1,0;5,273;6,273;12874;78961
mrcpspAMO_7/j3053_1,mm,param,out;SOLVED;10,971;11,443;22,414;20260;123234
mrcpspAMO_7/j3053_2,mm,param,out;SOLVED;5,834;8,792;14,626;17535;101890
mrcpspAMO_7/j3053_3,mm,param,out;SOLVED;1,904;8,967;10,871;20612;124530
mrcpspAMO_7/j3053_4,mm,param,out;SOLVED;9,404;13,29;22,694;24624;137793
mrcpspAMO_7/j3053_5,mm,param,out;SOLVED;56,926;11,397;68,323;20946;112179
mrcpspAMO_7/j3053_6,mm,param,out;SOLVED;33,525;14,177;47,702;25695;145457
mrcpspAMO_7/j3053_7,mm,param,out;SOLVED;199,428;6,85;206,278;17130;101231
mrcpspAMO_7/j3053_8,mm,param,out;SOLVED;155,828;8,803;164,631;19320;110909
mrcpspAMO_7/j3053_9,mm,param,out;SOLVED;64,674;8,501;73,175;19285;107458
mrcpspAMO_7/j3054_10,mm,param,out;SOLVED;1,083;5,078;6,161;12152;74338
mrcpspAMO_7/j3054_1,mm,param,out;SOLVED;0,191;3,482;3,673;12413;61969
mrcpspAMO_7/j3054_2,mm,param,out;SOLVED;1,363;4,891;6,254;15325;89281
mrcpspAMO_7/j3054_3,mm,param,out;SOLVED;0,472;4,257;4,729;12715;78334
mrcpspAMO_7/j3054_4,mm,param,out;SOLVED;0,159;3,182;3,341;10125;52824
mrcpspAMO_7/j3054_5,mm,param,out;SOLVED;0,277;4,795;5,072;14146;81659
mrcpspAMO_7/j3054_6,mm,param,out;SOLVED;0,324;5,625;5,949;15527;95290
mrcpspAMO_7/j3054_7,mm,param,out;SOLVED;0,258;4,645;4,903;13813;79009
mrcpspAMO_7/j3054_8,mm,param,out;SOLVED;0,431;8,382;8,813;19413;120200
mrcpspAMO_7/j3054_9,mm,param,out;SOLVED;0,393;5,082;5,475;13466;81093
mrcpspAMO_7/j3055_10,mm,param,out;SOLVED;0,259;4,661;4,920;11120;68429
mrcpspAMO_7/j3055_1,mm,param,out;SOLVED;0,172;3,241;3,413;11784;57918
mrcpspAMO_7/j3055_2,mm,param,out;SOLVED;0,345;6,103;6,448;17702;100259
mrcpspAMO_7/j3055_3,mm,param,out;SOLVED;0,208;3,043;3,251;12252;64483
mrcpspAMO_7/j3055_4,mm,param,out;SOLVED;0,213;3,662;3,875;12615;64606
mrcpspAMO_7/j3055_5,mm,param,out;SOLVED;0,248;4,74;4,988;12365;75820
mrcpspAMO_7/j3055_6,mm,param,out;SOLVED;0,254;4,427;4,681;14812;75749
mrcpspAMO_7/j3055_7,mm,param,out;SOLVED;0,164;3,638;3,802;10682;51719
mrcpspAMO_7/j3055_8,mm,param,out;SOLVED;0,201;3,8;4,001;12587;64760
mrcpspAMO_7/j3055_9,mm,param,out;SOLVED;0,448;6,823;7,271;18545;121523
mrcpspAMO_7/j3056_10,mm,param,out;SOLVED;0,182;4,021;4,203;11555;56573
mrcpspAMO_7/j3056_1,mm,param,out;SOLVED;0,276;4,612;4,888;13487;81347
mrcpspAMO_7/j3056_2,mm,param,out;SOLVED;0,35;6,535;6,885;15986;95541
mrcpspAMO_7/j3056_3,mm,param,out;SOLVED;0,138;2,623;2,761;10105;46964
mrcpspAMO_7/j3056_4,mm,param,out;SOLVED;0,17;3,706;3,876;10941;52984
mrcpspAMO_7/j3056_5,mm,param,out;SOLVED;0,109;2,765;2,874;8233;34754
mrcpspAMO_7/j3056_6,mm,param,out;SOLVED;0,197;3,756;3,953;11249;58365
mrcpspAMO_7/j3056_7,mm,param,out;SOLVED;0,081;2,218;2,299;7770;30157
mrcpspAMO_7/j3056_8,mm,param,out;SOLVED;0,271;4,878;5,149;15127;82972
mrcpspAMO_7/j3056_9,mm,param,out;SOLVED;0,146;3,453;3,599;9465;45811
mrcpspAMO_7/j3057_10,mm,param,out;SOLVED;0,055;2,65;2,705;6049;21297
mrcpspAMO_7/j3057_1,mm,param,out;SOLVED;0,092;4,349;4,441;7073;27093
mrcpspAMO_7/j3057_2,mm,param,out;SOLVED;0,136;4,926;5,062;7262;27441
mrcpspAMO_7/j3057_3,mm,param,out;SOLVED;0,095;3,342;3,437;8470;31311
mrcpspAMO_7/j3057_4,mm,param,out;SOLVED;0,113;5,19;5,303;9115;34726
mrcpspAMO_7/j3057_5,mm,param,out;SOLVED;0,07;2,541;2,611;6559;23622
mrcpspAMO_7/j3057_6,mm,param,out;SOLVED;0,06;2,259;2,319;6518;22364
mrcpspAMO_7/j3057_7,mm,param,out;SOLVED;0,082;3,342;3,424;7534;28333
mrcpspAMO_7/j3057_8,mm,param,out;SOLVED;0,073;3,928;4,001;6133;22616
mrcpspAMO_7/j3057_9,mm,param,out;SOLVED;0,054;2,526;2,580;5544;20300
mrcpspAMO_7/j3058_10,mm,param,out;SOLVED;0,008;1,79;1,798;3597;12252
mrcpspAMO_7/j3058_1,mm,param,out;SOLVED;0,04;1,872;1,912;3917;12356
mrcpspAMO_7/j3058_2,mm,param,out;SOLVED;0,045;2,191;2,236;5163;16863
mrcpspAMO_7/j3058_3,mm,param,out;SOLVED;0,043;2,347;2,390;5420;17686
mrcpspAMO_7/j3058_4,mm,param,out;SOLVED;0,006;1,6;1,606;2160;6705
mrcpspAMO_7/j3058_5,mm,param,out;SOLVED;0,048;2,158;2,206;5550;18903
mrcpspAMO_7/j3058_6,mm,param,out;SOLVED;0,006;1,368;1,374;2192;7275
mrcpspAMO_7/j3058_7,mm,param,out;SOLVED;0,019;1,606;1,625;2425;7174
mrcpspAMO_7/j3058_8,mm,param,out;SOLVED;0,047;2,17;2,217;5295;18019
mrcpspAMO_7/j3058_9,mm,param,out;SOLVED;0,055;2,467;2,522;6157;19937
mrcpspAMO_7/j3059_10,mm,param,out;SOLVED;0,037;1,969;2,006;4502;13989
mrcpspAMO_7/j3059_1,mm,param,out;SOLVED;0,055;2,095;2,150;5940;20454
mrcpspAMO_7/j3059_2,mm,param,out;SOLVED;0,006;1,462;1,468;2532;7394
mrcpspAMO_7/j3059_3,mm,param,out;SOLVED;0,037;2,247;2,284;4534;14257
mrcpspAMO_7/j3059_4,mm,param,out;SOLVED;0,047;1,82;1,867;5572;18385
mrcpspAMO_7/j3059_5,mm,param,out;SOLVED;0,007;1,754;1,761;2687;8275
mrcpspAMO_7/j3059_6,mm,param,out;SOLVED;0,035;1,955;1,990;4273;13453
mrcpspAMO_7/j3059_7,mm,param,out;SOLVED;0,008;1,871;1,879;2713;8915
mrcpspAMO_7/j3059_8,mm,param,out;SOLVED;0,006;1,611;1,617;2052;6502
mrcpspAMO_7/j3059_9,mm,param,out;SOLVED;0,007;1,93;1,937;3077;9971
mrcpspAMO_7/j3060_10,mm,param,out;SOLVED;0,043;2,016;2,059;4802;16193
mrcpspAMO_7/j3060_1,mm,param,out;SOLVED;0,034;1,722;1,756;4178;12856
mrcpspAMO_7/j3060_2,mm,param,out;SOLVED;0,005;2,053;2,058;1763;5696
mrcpspAMO_7/j3060_3,mm,param,out;SOLVED;0,009;2,306;2,315;3235;10711
mrcpspAMO_7/j3060_4,mm,param,out;SOLVED;0,008;1,607;1,615;3557;11793
mrcpspAMO_7/j3060_5,mm,param,out;SOLVED;0,01;2,322;2,332;4369;15082
mrcpspAMO_7/j3060_6,mm,param,out;SOLVED;0,006;1,957;1,963;2026;6436
mrcpspAMO_7/j3060_7,mm,param,out;SOLVED;0,005;1,488;1,493;1974;6148
mrcpspAMO_7/j3060_8,mm,param,out;SOLVED;0,005;1,637;1,642;1593;4947
mrcpspAMO_7/j3060_9,mm,param,out;SOLVED;0,007;2,025;2,032;3586;11235
mrcpspAMO_7/j3061_10,mm,param,out;SOLVED;1,294;5,624;6,918;13569;74117
mrcpspAMO_7/j3061_1,mm,param,out;SOLVED;0,756;3,586;4,342;10479;53801
mrcpspAMO_7/j3061_2,mm,param,out;SOLVED;1,902;3,495;5,397;10458;52994
mrcpspAMO_7/j3061_3,mm,param,out;SOLVED;2,118;5,153;7,271;12308;69604
mrcpspAMO_7/j3061_4,mm,param,out;SOLVED;8,114;5,002;13,116;11340;65691
mrcpspAMO_7/j3061_5,mm,param,out;SOLVED;4,037;5,463;9,500;12811;74546
mrcpspAMO_7/j3061_6,mm,param,out;SOLVED;12,839;5,781;18,620;14509;84881
mrcpspAMO_7/j3061_7,mm,param,out;SOLVED;2,507;7,583;10,090;15956;86359
mrcpspAMO_7/j3061_8,mm,param,out;SOLVED;2,651;6,875;9,526;13355;71748
mrcpspAMO_7/j3061_9,mm,param,out;SOLVED;4,583;8,002;12,585;14972;84149
mrcpspAMO_7/j3062_10,mm,param,out;SOLVED;0,1;2,36;2,46;7549;35815
mrcpspAMO_7/j3062_1,mm,param,out;SOLVED;0,147;2,757;2,904;7660;39874
mrcpspAMO_7/j3062_2,mm,param,out;SOLVED;0,147;2,712;2,859;9458;42898
mrcpspAMO_7/j3062_3,mm,param,out;SOLVED;0,457;2,755;3,212;8844;44440
mrcpspAMO_7/j3062_4,mm,param,out;SOLVED;0,155;3,283;3,438;9760;49558
mrcpspAMO_7/j3062_5,mm,param,out;SOLVED;0,138;3,075;3,213;11338;49113
mrcpspAMO_7/j3062_6,mm,param,out;SOLVED;0,108;3,018;3,126;8191;37017
mrcpspAMO_7/j3062_7,mm,param,out;SOLVED;0,144;2,794;2,938;8449;42949
mrcpspAMO_7/j3062_8,mm,param,out;SOLVED;0,147;3,309;3,456;10156;50405
mrcpspAMO_7/j3062_9,mm,param,out;SOLVED;0,103;2,244;2,347;7831;35604
mrcpspAMO_7/j3063_10,mm,param,out;SOLVED;0,055;1,987;2,042;5777;21759
mrcpspAMO_7/j3063_1,mm,param,out;SOLVED;0,075;2,186;2,261;6320;25826
mrcpspAMO_7/j3063_2,mm,param,out;SOLVED;0,01;1,879;1,889;4806;17771
mrcpspAMO_7/j3063_3,mm,param,out;SOLVED;0,035;1,624;1,659;4112;13987
mrcpspAMO_7/j3063_4,mm,param,out;SOLVED;0,069;2,442;2,511;6411;25285
mrcpspAMO_7/j3063_5,mm,param,out;SOLVED;0,121;2,835;2,956;10476;44407
mrcpspAMO_7/j3063_6,mm,param,out;SOLVED;0,118;3,112;3,230;8819;40019
mrcpspAMO_7/j3063_7,mm,param,out;SOLVED;0,068;2,161;2,229;6360;26978
mrcpspAMO_7/j3063_8,mm,param,out;SOLVED;0,011;2,118;2,129;4284;17332
mrcpspAMO_7/j3063_9,mm,param,out;SOLVED;0,07;2,068;2,138;7037;28556
mrcpspAMO_7/j3064_10,mm,param,out;SOLVED;0,007;2,19;2,197;2841;10662
mrcpspAMO_7/j3064_1,mm,param,out;SOLVED;0,032;1,766;1,798;3621;12952
mrcpspAMO_7/j3064_2,mm,param,out;SOLVED;0,008;1,474;1,482;3126;10936
mrcpspAMO_7/j3064_3,mm,param,out;SOLVED;0,012;2,251;2,263;4215;15674
mrcpspAMO_7/j3064_4,mm,param,out;SOLVED;0,113;2,373;2,486;7865;38305
mrcpspAMO_7/j3064_5,mm,param,out;SOLVED;0,066;2,72;2,786;5710;23973
mrcpspAMO_7/j3064_6,mm,param,out;SOLVED;0,011;1,89;1,901;4763;17320
mrcpspAMO_7/j3064_7,mm,param,out;SOLVED;0,014;2,463;2,477;5707;26690
mrcpspAMO_7/j3064_8,mm,param,out;SOLVED;0,113;2,671;2,784;8206;37469
mrcpspAMO_7/j3064_9,mm,param,out;SOLVED;0,074;2,346;2,420;6962;27581
mrcpspAMO_7/j307_8,mm,param,out;SOLVED;1,455;14,385;15,840;27164;184153
mrcpspAMO_7/j308_6,mm,param,out;SOLVED;0,698;8,189;8,887;20220;108911
mrcpspAMO_7/j309_10,mm,param,out;SOLVED;0,148;5,5;5,648;12024;44747
mrcpspAMO_7/j309_1,mm,param,out;SOLVED;0,138;5,199;5,337;12106;44422
mrcpspAMO_7/j309_2,mm,param,out;SOLVED;0,131;5,523;5,654;10926;42765
mrcpspAMO_7/j309_3,mm,param,out;SOLVED;0,101;4,708;4,809;9202;33788
mrcpspAMO_7/j309_4,mm,param,out;SOLVED;0,171;8,666;8,837;13829;53167
mrcpspAMO_7/j309_5,mm,param,out;SOLVED;0,417;32,701;33,118;28841;111148
mrcpspAMO_7/j309_6,mm,param,out;SOLVED;0,152;6,749;6,901;11478;44747
mrcpspAMO_7/j309_7,mm,param,out;SOLVED;0,157;9,047;9,204;14270;55866
mrcpspAMO_7/j309_8,mm,param,out;SOLVED;0,125;5,172;5,297;10688;41345
mrcpspAMO_7/j309_9,mm,param,out;SOLVED;0,117;5,732;5,849;10330;41303
